id,name,asin,canonical_url,image_url,category,tier,price,plan_slugs,gear_sets,guide_count,guides,audience,scenarios,product_type,notes
coleman-sundome-4p,Coleman Sundome 4-Person,B0D7QHY574,https://www.amazon.com/dp/B0D7QHY574?tag=trailsteadgui-20,https://m.media-amazon.com/images/I/71wxEg6ubCL._AC_SL1500_.jpg,essential,budget,~$82,backyard-test|easy-family-basecamp|first-night-camp|first-weekend-camp,BACKYARD_TEST_GEAR|FIRST_NIGHT_MINIMAL_GEAR|WEEKEND_BALANCED_GEAR|EASY_FAMILY_BASECAMP_GEAR,24,camping-in-a-heatwave|camping-in-arizona-for-beginners|camping-in-california-for-beginners|camping-in-colorado-for-beginners|camping-in-florida-for-beginners|camping-in-georgia-for-beginners|camping-in-michigan-for-beginners|camping-in-new-york-for-beginners|camping-in-pennsylvania-for-beginners|camping-in-texas-for-beginners|camping-in-the-appalachians-for-beginners|camping-in-the-desert-southwest-for-beginners|camping-in-the-northeast-for-beginners|camping-in-the-pacific-northwest-for-beginners|camping-in-utah-for-beginners|camping-in-wisconsin-for-beginners|camping-when-the-weather-turns|camping-with-dogs-first-time|fall-camping-for-beginners|first-night-camping-guide|rainy-camping-trips|spring-camping-for-beginners|summer-camping-for-beginners|winter-camping-for-beginners,family|beginner|with-kids,rain-ready,tent,
core-6p-instant-cabin,CORE 6-Person Instant Cabin Tent,B00VFGKUIK,https://www.amazon.com/dp/B00VFGKUIK?tag=trailsteadgui-20,https://m.media-amazon.com/images/I/51L7HMRfM3L._AC_SX679_.jpg,comfort,mid-range,~$200,backyard-test|easy-family-basecamp|first-night-camp|first-weekend-camp,EASY_FAMILY_BASECAMP_GEAR,0,,family,comfort,tent,not used in any guide; short link strips per-page subtag
tnf-wawona-6,The North Face Wawona 6,B0DG5XTJTY,https://www.amazon.com/dp/B0DG5XTJTY?tag=trailsteadgui-20,https://m.media-amazon.com/images/I/61ypWVbZ2AL._AC_SL1500_.jpg,comfort,premium,~$585,,BACKYARD_TEST_GEAR|FIRST_NIGHT_MINIMAL_GEAR|WEEKEND_BALANCED_GEAR|EASY_FAMILY_BASECAMP_GEAR,0,,family,comfort|shade|heat-friendly,tent,not assigned to any plan; not used in any guide
coleman-skydome-8p,Coleman Skydome 8-Person Tent,B0DWTQR7X8,https://www.amazon.com/dp/B0DWTQR7X8?tag=trailsteadgui-20,https://m.media-amazon.com/images/I/61-lD2oWFoL._AC_SX679_.jpg,comfort,mid-range,~$165,,,0,,family,comfort,tent,not assigned to any plan; not used in any guide; short link strips per-page subtag
coleman-brazos-bag,Coleman Brazos Sleeping Bag,B0D6416YYW,https://www.amazon.com/dp/B0D6416YYW?tag=trailsteadgui-20,https://m.media-amazon.com/images/I/71SIunv+zrL._AC_SL1500_.jpg,essential,budget,~$54,backyard-test|easy-family-basecamp|first-night-camp|first-weekend-camp,BACKYARD_TEST_GEAR|FIRST_NIGHT_MINIMAL_GEAR|WEEKEND_BALANCED_GEAR,17,camping-in-arizona-for-beginners|camping-in-colorado-for-beginners|camping-in-michigan-for-beginners|camping-in-new-york-for-beginners|camping-in-pennsylvania-for-beginners|camping-in-the-appalachians-for-beginners|camping-in-the-desert-southwest-for-beginners|camping-in-the-northeast-for-beginners|camping-in-the-pacific-northwest-for-beginners|camping-in-utah-for-beginners|camping-in-wisconsin-for-beginners|camping-when-the-weather-turns|camping-with-dogs-first-time|fall-camping-for-beginners|first-night-camping-guide|rainy-camping-trips|spring-camping-for-beginners,beginner,,sleeping-bag,
big-agnes-divide,Big Agnes Divide UnInsulated Pad,B0BPD3SSV9,https://www.amazon.com/dp/B0BPD3SSV9?tag=trailsteadgui-20,https://m.media-amazon.com/images/I/61M0wRnoksL._AC_SL1500_.jpg,comfort,mid-range,~$100,backyard-test|easy-family-basecamp|first-night-camp|first-weekend-camp,FIRST_NIGHT_MINIMAL_GEAR|WEEKEND_BALANCED_GEAR,18,camping-in-arizona-for-beginners|camping-in-colorado-for-beginners|camping-in-michigan-for-beginners|camping-in-new-york-for-beginners|camping-in-pennsylvania-for-beginners|camping-in-the-appalachians-for-beginners|camping-in-the-desert-southwest-for-beginners|camping-in-the-northeast-for-beginners|camping-in-the-pacific-northwest-for-beginners|camping-in-utah-for-beginners|camping-in-wisconsin-for-beginners|camping-when-the-weather-turns|camping-with-dogs-first-time|fall-camping-for-beginners|first-night-camping-guide|how-to-keep-kids-warm-camping|rainy-camping-trips|spring-camping-for-beginners,,,sleeping-pad,
mondoking-3d-pad,MondoKing 3D Self-Inflating Pad,B0CQRVCFH8,https://www.amazon.com/dp/B0CQRVCFH8?tag=trailsteadgui-20,https://m.media-amazon.com/images/I/71+BNN310+L._AC_SL1500_.jpg,comfort,premium,~$260,backyard-test|easy-family-basecamp|first-night-camp|first-weekend-camp,FIRST_NIGHT_MINIMAL_GEAR|WEEKEND_BALANCED_GEAR|EASY_FAMILY_BASECAMP_GEAR,3,camping-in-montana-for-beginners|camping-in-wyoming-for-beginners|tent-heater-safety,,comfort,sleeping-pad,
lost-horizon-air-foam-mattress,LOST HORIZON Air & Foam Mattress,B0DGGB2NFJ,https://www.amazon.com/dp/B0DGGB2NFJ?tag=trailsteadgui-20,https://m.media-amazon.com/images/I/81zVcTv3MNL._AC_SL1500_.jpg,comfort,,~$210,backyard-test|easy-family-basecamp|first-night-camp|first-weekend-camp,EASY_FAMILY_BASECAMP_GEAR,0,,family,comfort,air-mattress,not used in any guide
coleman-triton-2-burner,Coleman Triton+ 2-Burner Propane Stove,B09HN1YW6V,https://www.amazon.com/dp/B09HN1YW6V?tag=trailsteadgui-20,https://m.media-amazon.com/images/I/71XpkqycxmL._AC_SL1500_.jpg,essential,mid-range,~$108,backyard-test|easy-family-basecamp|first-night-camp|first-weekend-camp,WEEKEND_BALANCED_GEAR|EASY_FAMILY_BASECAMP_GEAR,9,camping-in-arizona-for-beginners|camping-in-georgia-for-beginners|camping-in-michigan-for-beginners|camping-in-montana-for-beginners|camping-in-new-york-for-beginners|camping-in-pennsylvania-for-beginners|camping-in-utah-for-beginners|camping-in-wisconsin-for-beginners|camping-in-wyoming-for-beginners,family,comfort,stove,
coleman-1-burner,Coleman 1-Burner Propane Stove,B0009PUR5E,https://www.amazon.com/dp/B0009PUR5E?tag=trailsteadgui-20,https://m.media-amazon.com/images/I/71urdCM7LAL._AC_SL1500_.jpg,essential,budget,~$40,,WEEKEND_BALANCED_GEAR|EASY_FAMILY_BASECAMP_GEAR,17,camping-in-a-heatwave|camping-in-california-for-beginners|camping-in-colorado-for-beginners|camping-in-florida-for-beginners|camping-in-texas-for-beginners|camping-in-the-appalachians-for-beginners|camping-in-the-desert-southwest-for-beginners|camping-in-the-northeast-for-beginners|camping-in-the-pacific-northwest-for-beginners|camping-when-the-weather-turns|camping-with-dogs-first-time|fall-camping-for-beginners|first-night-camping-guide|rainy-camping-trips|spring-camping-for-beginners|summer-camping-for-beginners|winter-camping-for-beginners,beginner,rain-ready|heat-friendly,stove,not assigned to any plan
coleman-classic-rolling-cooler,Coleman Classic Rolling Cooler 100QT,B08LMVJJ9Q,https://www.amazon.com/dp/B08LMVJJ9Q?tag=trailsteadgui-20,https://m.media-amazon.com/images/I/71qyOkQOgDL._AC_SL1500_.jpg,essential,mid-range,~$107,backyard-test|easy-family-basecamp|first-night-camp|first-weekend-camp,WEEKEND_BALANCED_GEAR|EASY_FAMILY_BASECAMP_GEAR,21,camping-in-a-heatwave|camping-in-arizona-for-beginners|camping-in-california-for-beginners|camping-in-colorado-for-beginners|camping-in-florida-for-beginners|camping-in-georgia-for-beginners|camping-in-michigan-for-beginners|camping-in-texas-for-beginners|camping-in-the-appalachians-for-beginners|camping-in-the-desert-southwest-for-beginners|camping-in-the-northeast-for-beginners|camping-in-the-pacific-northwest-for-beginners|camping-in-utah-for-beginners|camping-in-wisconsin-for-beginners|camping-when-the-weather-turns|camping-with-dogs-first-time|fall-camping-for-beginners|first-night-camping-guide|rainy-camping-trips|spring-camping-for-beginners|summer-camping-for-beginners,family,comfort|heat-friendly,cooler,
luminaid-packlite-max,LuminAID Titan 2-in-1 Solar Lantern,B08JX5STJ6,https://www.amazon.com/dp/B08JX5STJ6?tag=trailsteadgui-20,https://m.media-amazon.com/images/I/717hSIbDzlL._AC_SL1500_.jpg,essential,mid-range,~$68,backyard-test|easy-family-basecamp|first-night-camp|first-weekend-camp,BACKYARD_TEST_GEAR|FIRST_NIGHT_MINIMAL_GEAR|WEEKEND_BALANCED_GEAR,18,camping-in-a-heatwave|camping-in-california-for-beginners|camping-in-colorado-for-beginners|camping-in-florida-for-beginners|camping-in-new-york-for-beginners|camping-in-texas-for-beginners|camping-in-the-appalachians-for-beginners|camping-in-the-desert-southwest-for-beginners|camping-in-the-northeast-for-beginners|camping-in-the-pacific-northwest-for-beginners|camping-when-the-weather-turns|camping-with-dogs-first-time|fall-camping-for-beginners|first-night-camping-guide|rainy-camping-trips|spring-camping-for-beginners|summer-camping-for-beginners|winter-camping-for-beginners,,rain-ready,lantern,
streamlight-protac-2,Streamlight ProTac 2.0 Flashlight,B0F7648NM1,https://www.amazon.com/dp/B0F7648NM1?tag=trailsteadgui-20,https://m.media-amazon.com/images/I/71dbuuM+YsL._AC_SL1500_.jpg,essential,mid-range,~$120,backyard-test|easy-family-basecamp|first-night-camp|first-weekend-camp,WEEKEND_BALANCED_GEAR,0,,,,headlamp,not used in any guide; short link strips per-page subtag
black-diamond-spot-400,Black Diamond Spot 400 Headlamp,B09NQL4S1L,https://www.amazon.com/dp/B09NQL4S1L?tag=trailsteadgui-20,https://m.media-amazon.com/images/I/71MiiDPJZZL._AC_SL1500_.jpg,essential,mid-range,~$60,backyard-test|easy-family-basecamp|first-night-camp|first-weekend-camp,BACKYARD_TEST_GEAR|FIRST_NIGHT_MINIMAL_GEAR|WEEKEND_BALANCED_GEAR,25,camping-in-a-heatwave|camping-in-arizona-for-beginners|camping-in-california-for-beginners|camping-in-colorado-for-beginners|camping-in-florida-for-beginners|camping-in-georgia-for-beginners|camping-in-michigan-for-beginners|camping-in-new-york-for-beginners|camping-in-pennsylvania-for-beginners|camping-in-texas-for-beginners|camping-in-the-appalachians-for-beginners|camping-in-the-desert-southwest-for-beginners|camping-in-the-northeast-for-beginners|camping-in-the-pacific-northwest-for-beginners|camping-in-utah-for-beginners|camping-in-wisconsin-for-beginners|camping-in-wyoming-for-beginners|camping-when-the-weather-turns|camping-with-dogs-first-time|fall-camping-for-beginners|first-night-camping-guide|rainy-camping-trips|spring-camping-for-beginners|summer-camping-for-beginners|winter-camping-for-beginners,,rain-ready,headlamp,
coleman-portable-chair-cooler,Coleman Portable Chair with 4-Can Cooler,B0033990ZQ,https://www.amazon.com/dp/B0033990ZQ?tag=trailsteadgui-20,https://m.media-amazon.com/images/I/71oAndTPdRL._AC_SL1500_.jpg,comfort,budget,~$50,backyard-test|easy-family-basecamp|first-night-camp|first-weekend-camp,WEEKEND_BALANCED_GEAR|EASY_FAMILY_BASECAMP_GEAR,0,,family,,chair,not used in any guide
gci-freestyle-rocker,GCI Outdoor Freestyle Rocker,B00D4JYR62,https://www.amazon.com/dp/B00D4JYR62?tag=trailsteadgui-20,https://m.media-amazon.com/images/I/81bV+19K6wL._AC_SL1500_.jpg,comfort,mid-range,~$80,,WEEKEND_BALANCED_GEAR|EASY_FAMILY_BASECAMP_GEAR,17,camping-in-a-heatwave|camping-in-california-for-beginners|camping-in-colorado-for-beginners|camping-in-florida-for-beginners|camping-in-texas-for-beginners|camping-in-the-appalachians-for-beginners|camping-in-the-desert-southwest-for-beginners|camping-in-the-northeast-for-beginners|camping-in-the-pacific-northwest-for-beginners|camping-when-the-weather-turns|camping-with-dogs-first-time|fall-camping-for-beginners|first-night-camping-guide|rainy-camping-trips|spring-camping-for-beginners|summer-camping-for-beginners|winter-camping-for-beginners,family,comfort,chair,not assigned to any plan
kidco-gopod,KidCo GoPod Portable Activity Center,B00477ND0Q,https://www.amazon.com/dp/B00477ND0Q?tag=trailsteadgui-20,https://m.media-amazon.com/images/I/61nVHw0nj+L._SL1500_.jpg,convenience,,~$80,backyard-test|easy-family-basecamp|first-night-camp|first-weekend-camp,EASY_FAMILY_BASECAMP_GEAR,0,,with-kids|family,comfort,,not used in any guide
graco-pack-n-play-on-the-go,Graco Pack \,B09MWHG3ZT,https://www.amazon.com/dp/B09MWHG3ZT?tag=trailsteadgui-20,https://m.media-amazon.com/images/I/81sSJhCojNL._SX679_.jpg,essential,,~$80,,,0,,with-kids|family,comfort,,not assigned to any plan; not used in any guide
carpathen-smores-sticks,CARPATHEN Smores Sticks (8-Pack),B0CDXVG3C3,https://www.amazon.com/dp/B0CDXVG3C3?tag=trailsteadgui-20,https://m.media-amazon.com/images/I/81UhtBMzZWL._AC_SX679_.jpg,essential,budget,~$15,backyard-test|easy-family-basecamp|first-night-camp|first-weekend-camp,,0,,with-kids|family,,,not used in any guide
thriad-first-aid-430,Gevoke 410-Piece First Aid Kit,B0F1DJ8DPM,https://www.amazon.com/dp/B0F1DJ8DPM?tag=trailsteadgui-20,https://m.media-amazon.com/images/I/71jpCrKJ-hL._AC_SL1500_.jpg,essential,mid-range,~$40,backyard-test|easy-family-basecamp|first-night-camp|first-weekend-camp,,2,camping-in-pennsylvania-for-beginners|camping-in-wisconsin-for-beginners,family,rain-ready|cold-ready|heat-friendly,,short link strips per-page subtag
kidde-portable-co-alarm,"Kidde Carbon Monoxide Detector, AA Battery Powered",B0DT1MGCKK,https://www.amazon.com/dp/B0DT1MGCKK?tag=trailsteadgui-20,https://m.media-amazon.com/images/I/717SCEOQCDL._AC_SX679_.jpg,essential,budget,~$20,,,1,tent-heater-safety,family|beginner,cold-ready,,not assigned to any plan
dripdrop-hydration,DripDrop Hydration Packets,B08TZM8S1F,https://www.amazon.com/dp/B08TZM8S1F?tag=trailsteadgui-20,https://m.media-amazon.com/images/I/71pXv5WL9qL._AC_SL1200_.jpg,essential,budget,~$18,,,3,camping-in-arizona-for-beginners|camping-in-georgia-for-beginners|camping-in-utah-for-beginners,,heat-friendly,,not assigned to any plan
aveeno-kids-sunscreen-lotion,Aveeno Kids Sunscreen Lotion SPF 50,B07LCW7CZD,https://www.amazon.com/dp/B07LCW7CZD?tag=trailsteadgui-20,https://m.media-amazon.com/images/I/71-iW3CiWSL._SX679_.jpg,essential,budget,~$16,,,0,,with-kids|family,heat-friendly,,not assigned to any plan; not used in any guide
marmot-mad-river-0,Marmot Mad River 0,B0GJMQNGXD,https://www.amazon.com/dp/B0GJMQNGXD?tag=trailsteadgui-20,https://m.media-amazon.com/images/I/51I4c4UzhIL._AC_SL1500_.jpg,comfort,premium,~$339,,BACKYARD_TEST_GEAR|FIRST_NIGHT_MINIMAL_GEAR|WEEKEND_BALANCED_GEAR,2,camping-in-montana-for-beginners|camping-in-wyoming-for-beginners,,cold-ready,sleeping-bag,not assigned to any plan
rab-ionosphere-5-5,Rab Ionosphere 5.5,B0BNX4QNGW,https://www.amazon.com/dp/B0BNX4QNGW?tag=trailsteadgui-20,https://m.media-amazon.com/images/I/412NOySu6EL._AC_.jpg,comfort,premium,~$168,,,0,,,cold-ready,sleeping-pad,not assigned to any plan; not used in any guide
katolk-tie-out,KATOLK Upgraded Dog Tie Out Cable,B0BGH8BS3R,https://www.amazon.com/dp/B0BGH8BS3R?tag=trailsteadgui-20,https://m.media-amazon.com/images/I/71Owf9HoVIL._AC_SL1500_.jpg,essential,budget,~$29,,,1,camping-with-dogs-first-time,with-dogs,,,not assigned to any plan
geertop-17x10-tarp,GEERTOP 17×10 ft Camping Tarp,B0F4DG87NJ,https://www.amazon.com/dp/B0F4DG87NJ?tag=trailsteadgui-20,https://m.media-amazon.com/images/I/510GtevM6ZL._AC_SX679_.jpg,essential,budget,~$65,,,4,camping-in-michigan-for-beginners|camping-in-new-york-for-beginners|camping-in-pennsylvania-for-beginners|camping-in-wisconsin-for-beginners,family,rain-ready,,not assigned to any plan; short link strips per-page subtag
frizcol-camping-fan,FRIZCOL 3-in-1 Camping Fan,B0BVTHPXLB,https://www.amazon.com/dp/B0BVTHPXLB?tag=trailsteadgui-20,https://m.media-amazon.com/images/I/71E1s4gODdL._AC_SX679_.jpg,comfort,budget,~$30,,,1,camping-in-georgia-for-beginners,family,heat-friendly,,not assigned to any plan; short link strips per-page subtag
anker-zolo-power-bank,"Anker Zolo Power Bank, 20,000mAh",B0CZ9LH53B,https://www.amazon.com/dp/B0CZ9LH53B?tag=trailsteadgui-20,https://m.media-amazon.com/images/I/61uNRmtEtvL._AC_SX679_.jpg,convenience,budget,~$36,,,1,camping-in-montana-for-beginners,family,,,not assigned to any plan; short link strips per-page subtag
thtybros-cookware-mess-kit,THTYBROS 17-Piece Camping Cookware Mess Kit,B0D2KF98MC,https://www.amazon.com/dp/B0D2KF98MC?tag=trailsteadgui-20,https://m.media-amazon.com/images/I/71+w63znCVL._AC_SX679_.jpg,essential,budget,~$36,,,2,camping-in-montana-for-beginners|camping-in-wyoming-for-beginners,family,,,not assigned to any plan; short link strips per-page subtag
hothands-hand-warmers-bulk,"HotHands Hand Warmers, 40 Pairs",B0007ZF4OA,https://www.amazon.com/dp/B0007ZF4OA?tag=trailsteadgui-20,https://m.media-amazon.com/images/I/813kj6AjAuL._AC_SX679_.jpg,essential,budget,~$23,,,4,camping-in-montana-for-beginners|camping-in-wyoming-for-beginners|how-to-keep-kids-warm-camping|tent-heater-safety,family,cold-ready,,not assigned to any plan; short link strips per-page subtag
thermos-stainless-king-40oz,"THERMOS Stainless King Vacuum-Insulated Beverage Bottle, 40 oz",B01DZQT3IU,https://www.amazon.com/dp/B01DZQT3IU?tag=trailsteadgui-20,https://m.media-amazon.com/images/I/61iAF0pBz2L._AC_SX679_.jpg,comfort,mid-range,~$44,,,0,,family,cold-ready,,not assigned to any plan; not used in any guide
thermos-funtainer-food-jar,"THERMOS FUNTAINER Kids Food Jar with Spoon, 10 oz",B08NCN1VZW,https://www.amazon.com/dp/B08NCN1VZW?tag=trailsteadgui-20,https://m.media-amazon.com/images/I/61b8+Fht+4L._AC_SX679_.jpg,comfort,budget,~$19,,,0,,with-kids|family,cold-ready,,not assigned to any plan; not used in any guide
fwc-trash-can-wakeman,Wakeman Outdoor Collapsible Trash Can,B0CHKGXSQ6,https://www.amazon.com/dp/B0CHKGXSQ6?tag=trailsteadgui-20,https://m.media-amazon.com/images/I/913OeuUhboL._AC_SL1500_.jpg,convenience,budget,~$18,,,0,,,,trash,not assigned to any plan; not used in any guide
iris-weatherpro-44qt-bins,"IRIS USA 44 Qt Gasket-Lid Storage Bins, 2-Pack",B092LVGNZ7,https://www.amazon.com/dp/B092LVGNZ7?tag=trailsteadgui-20,"https://m.media-amazon.com/images/I/71fCiZzjiES._AC_SX679_PIbundle-2,TopRight,0,0_SH20_.jpg",convenience,mid-range,~$50,,,0,,family,,,not assigned to any plan; not used in any guide
drytote-desiccant-packs,"DryTote Rechargeable Desiccant Packs, 5-Pack",B098ZB33DP,https://www.amazon.com/dp/B098ZB33DP?tag=trailsteadgui-20,https://m.media-amazon.com/images/I/81f1Je-Ga+S._AC_SX679_.jpg,convenience,mid-range,~$37,,,0,,,,,not assigned to any plan; not used in any guide
nikwax-tent-gear-solarproof,"Nikwax Tent & Gear SolarProof, 500ml",B002XZTNFS,https://www.amazon.com/dp/B002XZTNFS?tag=trailsteadgui-20,https://m.media-amazon.com/images/I/61UBMGdDyrL._AC_SX679_.jpg,convenience,budget,~$20,,,0,,,rain-ready,,not assigned to any plan; not used in any guide
rainleaf-microfiber-towel,"Rainleaf Microfiber Quick-Dry Towel, 60 x 30 in",B01A4ZY02Y,https://www.amazon.com/dp/B01A4ZY02Y?tag=trailsteadgui-20,https://m.media-amazon.com/images/I/61DMeWCuEJL._AC_SX679_.jpg,essential,budget,~$17,,,1,how-to-prevent-tent-condensation,,rain-ready|cold-ready,,not assigned to any plan
opinel-no7-folding-knife,Opinel No.7 Carbon Steel Folding Knife,B000UV4NUW,https://www.amazon.com/dp/B000UV4NUW?tag=trailsteadgui-20,,essential,,~$18,,,0,,,,,not assigned to any plan; not used in any guide
paracord-550-50ft,"TECEUM 550 Paracord, 100 ft",B094DJRMCS,https://www.amazon.com/dp/B094DJRMCS?tag=trailsteadgui-20,https://m.media-amazon.com/images/I/71GnXeaNhqL._AC_SX679_.jpg,essential,,~$7,,,0,,,,,not assigned to any plan; not used in any guide
reflective-guyline-50ft,"Reflective Guy Line, 50 ft",B078L3W42R,https://www.amazon.com/dp/B078L3W42R?tag=trailsteadgui-20,,essential,,~$10,,,0,,,,,not assigned to any plan; not used in any guide
suunto-a10-compass,Suunto A-10 Baseplate Compass,B00TRB49PK,https://www.amazon.com/dp/B00TRB49PK?tag=trailsteadgui-20,,essential,,~$25,,,0,,,,,not assigned to any plan; not used in any guide
eno-doublenest-hammock,ENO DoubleNest Hammock,B01GTP417C,https://www.amazon.com/dp/B01GTP417C?tag=trailsteadgui-20,,comfort,,~$70,,,0,,,,,not assigned to any plan; not used in any guide
lodge-cast-iron-skillet,"Lodge 10.25"" Cast Iron Skillet",B00006JSUA,https://www.amazon.com/dp/B00006JSUA?tag=trailsteadgui-20,https://images-na.ssl-images-amazon.com/images/P/B00006JSUA.01.L.jpg,comfort,,~$20,,,0,,,,,not assigned to any plan; not used in any guide
heavy-duty-aluminum-foil,Reynolds Wrap Heavy-Duty Aluminum Foil (2-Pack),B0D14YNCF9,https://www.amazon.com/dp/B0D14YNCF9?tag=trailsteadgui-20,https://m.media-amazon.com/images/I/61qUnHW0p0L._AC_SX679_.jpg,essential,,~$12,,,0,,,,,not assigned to any plan; not used in any guide
camp-grill-tongs,"HINMAY 16"" Long-Handled Grill Tongs",B087CM37DP,https://www.amazon.com/dp/B087CM37DP?tag=trailsteadgui-20,https://m.media-amazon.com/images/I/61UAljpFWtL._AC_SX679_.jpg,essential,,~$9,,,0,,,,,not assigned to any plan; not used in any guide
uco-stormproof-matches,UCO Stormproof Match Kit,B008CL24SA,https://www.amazon.com/dp/B008CL24SA?tag=trailsteadgui-20,https://m.media-amazon.com/images/I/819slvpj6fL._AC_SX679_.jpg,essential,budget,~$15,,,0,,,rain-ready,,not assigned to any plan; not used in any guide
esbit-fire-cubes,Esbit Fire Starter Cubes,B005NGMJLY,https://www.amazon.com/dp/B005NGMJLY?tag=trailsteadgui-20,https://m.media-amazon.com/images/I/81kfVbL68ML._AC_SX679_.jpg,essential,budget,~$15,,,0,,,rain-ready,,not assigned to any plan; not used in any guide
black-diamond-trekking-poles,Black Diamond Trail Cork Trekking Poles,B08R64178T,https://www.amazon.com/dp/B08R64178T?tag=trailsteadgui-20,https://m.media-amazon.com/images/I/512yT33msCL._AC_SL1500_.jpg,comfort,,~$125,,,0,,,,,not assigned to any plan; not used in any guide
pull-through-knife-sharpener,Pull-Through Knife Sharpener,B001CR10RW,https://www.amazon.com/dp/B001CR10RW?tag=trailsteadgui-20,,essential,,~$15,,,0,,,,,not assigned to any plan; not used in any guide
mineral-oil-food-safe,Food-Safe Mineral Oil,B09MXDBNNL,https://www.amazon.com/dp/B09MXDBNNL?tag=trailsteadgui-20,,essential,,~$8,,,0,,,,,not assigned to any plan; not used in any guide
planisphere,The Night Sky 30°-40° Star Finder,1891938029,https://www.amazon.com/dp/1891938029?tag=trailsteadgui-20,https://m.media-amazon.com/images/I/51lvsqIE0YL.jpg,essential,,~$8,,,0,,,,,not assigned to any plan; not used in any guide
celestron-outland-binoculars,Celestron Outland X 8x42 Binoculars,B004KM82IQ,https://www.amazon.com/dp/B004KM82IQ?tag=trailsteadgui-20,https://images-na.ssl-images-amazon.com/images/P/B004KM82IQ.01.L.jpg,comfort,,~$70,,,0,,,,,not assigned to any plan; not used in any guide
leukotape-blister-prevention,Leukotape P Blister Prevention Tape,B000E59HXC,https://www.amazon.com/dp/B000E59HXC?tag=trailsteadgui-20,,essential,,~$9,,,0,,,,,not assigned to any plan; not used in any guide
sawyer-squeeze-water-filter,Sawyer SP129 Squeeze Water Filter,B00B1OSU4W,https://www.amazon.com/dp/B00B1OSU4W?tag=trailsteadgui-20,https://m.media-amazon.com/images/I/71PlK2Jo5uL._SL1500_.jpg,essential,,~$31,,,0,,,,,not assigned to any plan; not used in any guide
zebco-33-spincast-combo,Zebco 33 Spincast Telescopic Combo,B07XW3BL6T,https://www.amazon.com/dp/B07XW3BL6T?tag=trailsteadgui-20,https://m.media-amazon.com/images/I/51FGsc4x+UL._AC_SL1500_.jpg,essential,,~$40,,,0,,,,,not assigned to any plan; not used in any guide
tackle-box-lure-assortment,Beginner Tackle Box Lure Assortment,B0B5KFZ8L1,https://www.amazon.com/dp/B0B5KFZ8L1?tag=trailsteadgui-20,,essential,,~$25,,,0,,,,,not assigned to any plan; not used in any guide
lodge-dutch-oven,Lodge 10-inch Camp Dutch Oven (with lid lip),B004W4TXZI,https://www.amazon.com/dp/B004W4TXZI?tag=trailsteadgui-20,,comfort,,~$70,,,0,,,,,not assigned to any plan; not used in any guide
monofilament-fishing-line-8lb,"Berkley Trilene XL Monofilament, 8 lb Test",B001F5H4I0,https://www.amazon.com/dp/B001F5H4I0?tag=trailsteadgui-20,https://m.media-amazon.com/images/I/7171qKyMHIL._AC_SL1334_.jpg,essential,,~$5,,,0,,,,,not assigned to any plan; not used in any guide
fishing-forceps-hemostat,Fishing Forceps / Hemostat,B088PBNSWR,https://www.amazon.com/dp/B088PBNSWR?tag=trailsteadgui-20,,essential,,~$10,,,0,,,,,not assigned to any plan; not used in any guide
redcamp-foam-sleeping-pad,"REDCAMP Closed-Cell Foam Sleeping Pad, 72 x 22 in",B07MNR63QC,https://www.amazon.com/dp/B07MNR63QC?tag=trailsteadgui-20,https://m.media-amazon.com/images/I/71GxADTtjeL._AC_SY879_.jpg,essential,budget,~$36,,,0,,beginner,,sleeping-pad,not assigned to any plan; not used in any guide
coleman-xtreme-50-cooler,Coleman 50-Quart Xtreme Wheeled Cooler,B00AU6G4QS,https://www.amazon.com/dp/B00AU6G4QS?tag=trailsteadgui-20,https://m.media-amazon.com/images/I/7110dqZ8KbL._AC_SL1500_.jpg,essential,budget,~$75,,WEEKEND_BALANCED_GEAR|EASY_FAMILY_BASECAMP_GEAR,0,,family,heat-friendly,cooler,not assigned to any plan; not used in any guide
rtic-45-cooler,RTIC 45 QT Ultra-Tough Hard Cooler,B01M1NYVTH,https://www.amazon.com/dp/B01M1NYVTH?tag=trailsteadgui-20,https://m.media-amazon.com/images/I/61E3u9I-d4L._AC_SL1500_.jpg,comfort,premium,~$215,,,0,,family,heat-friendly,cooler,not assigned to any plan; not used in any guide
everbrite-headlamp-5-pack,"EverBrite LED Headlamp, 5-Pack",B09WDGNHCY,https://www.amazon.com/dp/B09WDGNHCY?tag=trailsteadgui-20,https://m.media-amazon.com/images/I/71jJVJfN+vL._AC_SX679_.jpg,essential,budget,~$22,,,0,,family|with-kids,,headlamp,not assigned to any plan; not used in any guide
glow-stick-necklaces-bulk,"PartySticks Glow Sticks, 100-Pack",B00N1QPNMA,https://www.amazon.com/dp/B00N1QPNMA?tag=trailsteadgui-20,https://m.media-amazon.com/images/I/81JYNlch58L._AC_SX679_.jpg,essential,,~$9,,,0,,,,,not assigned to any plan; not used in any guide
magnifying-glass-kids,Carson BugView 5X Bug-Catcher Magnifier,B000JQ5AZK,https://www.amazon.com/dp/B000JQ5AZK?tag=trailsteadgui-20,https://m.media-amazon.com/images/I/71VqvkzbNiL._AC_SX679_.jpg,essential,,~$12,,,0,,,,,not assigned to any plan; not used in any guide
field-guide-animal-tracks,Peterson Field Guide to Animal Tracks,061851743X,https://www.amazon.com/dp/061851743X?tag=trailsteadgui-20,https://m.media-amazon.com/images/I/81TPGOBfoOL._SY522_.jpg,essential,,~$15,,,0,,,,,not assigned to any plan; not used in any guide
nature-journal-art-kit,Caliart Sketching Kit with Nature Journal,B0B7N2Q1NQ,https://www.amazon.com/dp/B0B7N2Q1NQ?tag=trailsteadgui-20,https://m.media-amazon.com/images/I/81fdzjwyfcL._AC_SX679_.jpg,essential,,~$26,,,0,,,,,not assigned to any plan; not used in any guide
rock-painting-kit,Creativity for Kids Glow-in-the-Dark Rock Painting Kit,B07SXLYQ6S,https://www.amazon.com/dp/B07SXLYQ6S?tag=trailsteadgui-20,https://m.media-amazon.com/images/I/914fZXTUE+L._AC_SX679_.jpg,essential,,~$15,,,0,,,,,not assigned to any plan; not used in any guide
kids-craft-supply-kit,"FUNZBO Kids Craft Supply Kit (Googly Eyes, Pipe Cleaners, Pom Poms)",B07YQRD934,https://www.amazon.com/dp/B07YQRD934?tag=trailsteadgui-20,https://m.media-amazon.com/images/I/81uh+4Xv2PL._AC_SX679_.jpg,essential,,~$17,,,0,,,,,not assigned to any plan; not used in any guide
outdoor-picnic-blanket,WEKAPO Sandproof Waterproof Beach Blanket,B08X6VQBGJ,https://www.amazon.com/dp/B08X6VQBGJ?tag=trailsteadgui-20,https://m.media-amazon.com/images/I/71JKPyUX-RL._AC_SX679_.jpg,comfort,,~$19,,,0,,,,,not assigned to any plan; not used in any guide
camping-ukulele,Donner Soprano Ukulele Beginner Kit,B0C3TS9VVJ,https://www.amazon.com/dp/B0C3TS9VVJ?tag=trailsteadgui-20,https://m.media-amazon.com/images/I/71ky2h9+S9L._AC_SX679_.jpg,comfort,,~$35,,,0,,,,,not assigned to any plan; not used in any guide
kids-medal-ribbons-pack,"Berenlu Award Medal Ribbons, 48-Pack",B0C8HS1M1G,https://www.amazon.com/dp/B0C8HS1M1G?tag=trailsteadgui-20,https://m.media-amazon.com/images/I/81n8Kuyyi7L._AC_SX679_.jpg,essential,,~$14,,,0,,,,,not assigned to any plan; not used in any guide
team-bandanas-6-pack,"APIGANIZ Cotton Bandanas, 6-Pack",B0DRCTMC5W,https://www.amazon.com/dp/B0DRCTMC5W?tag=trailsteadgui-20,https://m.media-amazon.com/images/I/81XYhFgYqkL._AC_SX679_.jpg,essential,,~$10,,,0,,,,,not assigned to any plan; not used in any guide
gsi-backpack-bocce,GSI Outdoors Backpack Bocce,B007S3O0IU,https://www.amazon.com/dp/B007S3O0IU?tag=trailsteadgui-20,,comfort,,~$35,,,0,,,,,not assigned to any plan; not used in any guide
team-scrimmage-vests-12pack,"Team Scrimmage Vests / Pinnies, 12-Pack",B0BVZ4NBL6,https://www.amazon.com/dp/B0BVZ4NBL6?tag=trailsteadgui-20,,essential,,~$20,,,0,,,,,not assigned to any plan; not used in any guide
lawn-bowling-skittles-set,"Wooden Lawn Bowling / Skittles Set, 13-Piece",B01ACYST9M,https://www.amazon.com/dp/B01ACYST9M?tag=trailsteadgui-20,,comfort,,~$25,,,0,,,,,not assigned to any plan; not used in any guide
family-trivia-cards,"Quokka Trivia Card Game, 500 Questions",B0DDCPG8FF,https://www.amazon.com/dp/B0DDCPG8FF?tag=trailsteadgui-20,https://m.media-amazon.com/images/I/71NrbH2cAgL._AC_SX679_.jpg,essential,,~$15,,,0,,,,,not assigned to any plan; not used in any guide
sabre-frontiersman-max-bear-spray,SABRE Frontiersman MAX Bear Spray,B0CQMVHGK8,https://www.amazon.com/dp/B0CQMVHGK8?tag=trailsteadgui-20,https://m.media-amazon.com/images/I/812WUKnpXLL._AC_SX679_.jpg,essential,,~$40,,,0,,family,,,not assigned to any plan; not used in any guide
bearvault-food-canister,BearVault Bear-Resistant Food Canister,B0019LSGQE,https://www.amazon.com/dp/B0019LSGQE?tag=trailsteadgui-20,https://m.media-amazon.com/images/I/61OCF-RHRCL._AC_SX679_.jpg,essential,,~$85,,,0,,family,,,not assigned to any plan; not used in any guide
coleman-sundome-6p,Coleman Sundome 6-Person,B0D7QFZNS7,https://www.amazon.com/dp/B0D7QFZNS7?tag=trailsteadgui-20,https://m.media-amazon.com/images/I/71E3gq6ZvfL._AC_SL1500_.jpg,essential,budget,~$115,,,1,best-family-tent-for-beginners,family|beginner|with-kids,rain-ready,tent,not assigned to any plan
core-9p-instant-cabin,CORE 9-Person Instant Cabin Tent,B00VFH1RQS,https://www.amazon.com/dp/B00VFH1RQS?tag=trailsteadgui-20,https://m.media-amazon.com/images/I/81ry4uGOeBL._AC_SL1500_.jpg,comfort,mid-range,~$250,,,0,,family|with-kids,comfort,tent,not assigned to any plan; not used in any guide
core-10p-straight-wall-cabin,CORE 10-Person Straight Wall Cabin Tent,B06X9G7Q5V,https://www.amazon.com/dp/B06X9G7Q5V?tag=trailsteadgui-20,https://m.media-amazon.com/images/I/81yl2WadK+L._AC_SL1500_.jpg,comfort,mid-range,~$280,,,0,,family,comfort,tent,not assigned to any plan; not used in any guide
kelty-wireless-6,Kelty Wireless 6,B0GDJ48QGR,https://www.amazon.com/dp/B0GDJ48QGR?tag=trailsteadgui-20,https://m.media-amazon.com/images/I/51z2BsqYxUL._AC_SL1500_.jpg,comfort,mid-range,~$280,backyard-test|easy-family-basecamp|first-night-camp|first-weekend-camp,WEEKEND_BALANCED_GEAR,2,camping-in-montana-for-beginners|camping-in-wyoming-for-beginners,family,rain-ready,tent,
teton-junior-20,TETON Junior 20°F Kids Sleeping Bag,B0CHN66KF4,https://www.amazon.com/dp/B0CHN66KF4?tag=trailsteadgui-20,https://m.media-amazon.com/images/I/71hmdf+glSL._AC_SL1500_.jpg,essential,mid-range,~$60,,,0,,with-kids,cold-ready,sleeping-bag,not assigned to any plan; not used in any guide
redcamp-kids-mummy,REDCAMP Kids Mummy Sleeping Bag,B07GB1S5BY,https://www.amazon.com/dp/B07GB1S5BY?tag=trailsteadgui-20,https://m.media-amazon.com/images/I/61-bnEzSGXL._AC_SL1460_.jpg,essential,budget,~$30,,,0,,with-kids,,sleeping-bag,not assigned to any plan; not used in any guide
coleman-kids-45,Coleman Kids 45°F Sleeping Bag,B0CVSGRFW8,https://www.amazon.com/dp/B0CVSGRFW8?tag=trailsteadgui-20,https://m.media-amazon.com/images/I/61LMTqunWFL._AC_SL1500_.jpg,essential,budget,~$39,,,0,,with-kids,,sleeping-bag,not assigned to any plan; not used in any guide
retrospec-dream-25,Retrospec Dream 25 Kids Sleeping Bag,B0D2SF4BGJ,https://www.amazon.com/dp/B0D2SF4BGJ?tag=trailsteadgui-20,https://m.media-amazon.com/images/I/710jNYYZxzL._AC_SL1500_.jpg,essential,mid-range,~$60,,,0,,with-kids,cold-ready,sleeping-bag,not assigned to any plan; not used in any guide
kelty-space-cadet-40,Kelty Space Cadet Toddler Sleeping Bag (40°F),B0G98MMGL9,https://www.amazon.com/dp/B0G98MMGL9?tag=trailsteadgui-20,https://m.media-amazon.com/images/I/61YLeIUWQgL._AC_SL1500_.jpg,essential,mid-range,~$70,,,0,,with-kids,,sleeping-bag,not assigned to any plan; not used in any guide
kelty-cosmic-20-down,Kelty Cosmic 20 Down,B0CSPKCJZK,https://www.amazon.com/dp/B0CSPKCJZK?tag=trailsteadgui-20,https://m.media-amazon.com/images/I/51tiHd10hnL._AC_SL1500_.jpg,comfort,premium,~$190,,,0,,,cold-ready,sleeping-bag,not assigned to any plan; not used in any guide
teton-trailhead-20,TETON Trailhead 20,B007JTLKCC,https://www.amazon.com/dp/B007JTLKCC?tag=trailsteadgui-20,https://m.media-amazon.com/images/I/51CiUVyFp0L._AC_SL1500_.jpg,essential,budget,~$65,,,0,,,cold-ready|rain-ready,sleeping-bag,not assigned to any plan; not used in any guide
sea-to-summit-reactor-extreme-liner,Sea to Summit Reactor Extreme Sleeping Bag Liner,B0CT69SWJP,https://www.amazon.com/dp/B0CT69SWJP?tag=trailsteadgui-20,https://m.media-amazon.com/images/I/51y1ZEIIHRL._AC_SL1500_.jpg,comfort,mid-range,~$60,backyard-test|easy-family-basecamp|first-night-camp|first-weekend-camp,,2,how-to-keep-kids-warm-camping|tent-heater-safety,,cold-ready|comfort,sleeping-bag,
crown-shades-10x10-canopy,CROWN SHADES 10×10 Pop-Up Canopy,B078XR1CS8,https://www.amazon.com/dp/B078XR1CS8?tag=trailsteadgui-20,https://m.media-amazon.com/images/I/61-p2KheVzL._AC_SL1500_.jpg,comfort,,~$140,,EASY_FAMILY_BASECAMP_GEAR,12,camping-in-a-heatwave|camping-in-arizona-for-beginners|camping-in-california-for-beginners|camping-in-florida-for-beginners|camping-in-georgia-for-beginners|camping-in-texas-for-beginners|camping-in-the-appalachians-for-beginners|camping-in-the-desert-southwest-for-beginners|camping-in-the-northeast-for-beginners|camping-in-the-pacific-northwest-for-beginners|camping-in-utah-for-beginners|summer-camping-for-beginners,family,shade|heat-friendly|rain-ready,canopy,not assigned to any plan
tickcheck-tick-remover-kit,TickCheck Premium Tick Remover Kit,B075DKL3Z6,https://www.amazon.com/dp/B075DKL3Z6?tag=trailsteadgui-20,https://m.media-amazon.com/images/I/81FFpKS2oQL._AC_SL1500_.jpg,essential,budget,~$13,,,0,,family,,,not assigned to any plan; not used in any guide
gsi-glacier-stainless-camper,GSI Outdoors Glacier Stainless Camper Cookset,B0773K5R67,https://www.amazon.com/dp/B0773K5R67?tag=trailsteadgui-20,https://m.media-amazon.com/images/I/71-yr7MGCdL._AC_SL1500_.jpg,comfort,,~$120,,,0,,,,,not assigned to any plan; not used in any guide
vumos-bag-liner,Vumos Sleeping Bag Liner,B07PRRV7NM,https://www.amazon.com/dp/B07PRRV7NM?tag=trailsteadgui-20,https://m.media-amazon.com/images/I/61eaYiIy1wL._AC_SX679_.jpg,comfort,budget,~$20,,,0,,,cold-ready|comfort,sleeping-bag,not assigned to any plan; not used in any guide
core-10x10-canopy,CORE 10×10 Instant Pop-Up Canopy,B01E45EYJY,https://www.amazon.com/dp/B01E45EYJY?tag=trailsteadgui-20,https://m.media-amazon.com/images/I/71upZwo-QQL._AC_SL1500_.jpg,comfort,,~$130,,,0,,family,shade|heat-friendly|rain-ready,canopy,not assigned to any plan; not used in any guide
sawyer-extractor-pump-kit,Sawyer Extractor Pump Kit,B000AU9PEC,https://www.amazon.com/dp/B000AU9PEC?tag=trailsteadgui-20,https://images-na.ssl-images-amazon.com/images/P/B000AU9PEC.01.L.jpg,essential,budget,~$15,,,0,,family,,,not assigned to any plan; not used in any guide
gsi-pinnacle-camper-cookset,GSI Outdoors Pinnacle Camper Cookset,B006ERS6OU,https://www.amazon.com/dp/B006ERS6OU?tag=trailsteadgui-20,,comfort,,~$70,,,0,,,,,not assigned to any plan; not used in any guide
alps-lynx-4p,ALPS Mountaineering Lynx 4-Person Tent,B0CXKQWRDD,https://www.amazon.com/dp/B0CXKQWRDD?tag=trailsteadgui-20,https://m.media-amazon.com/images/I/51LCvZqQ1rL._AC_SL1000_.jpg,comfort,mid-range,~$190,,,0,,family,comfort,tent,not assigned to any plan; not used in any guide
tent-sundome-3,Coleman Sundome 3-Person,B0D7QHXVKJ,https://www.amazon.com/dp/B0D7QHXVKJ?tag=trailsteadgui-20,https://m.media-amazon.com/images/I/71ADgccHF4L._AC_SL1500_.jpg,essential,budget,~$100,,,0,,solo|beginner,,tent,not assigned to any plan; not used in any guide; short link strips per-page subtag
tent-sundome-6,Coleman Sundome 6-Person,B0D7QFZNS7,https://www.amazon.com/dp/B0D7QFZNS7?tag=trailsteadgui-20,https://m.media-amazon.com/images/I/71+D8rreCgL._AC_SL1500_.jpg,comfort,mid-range,~$153,,,0,,family|with-kids,comfort,tent,not assigned to any plan; not used in any guide; short link strips per-page subtag
sleeping-bag-family,Kelty Tuck 20,B07H99CMNP,https://www.amazon.com/dp/B07H99CMNP?tag=trailsteadgui-20,"https://m.media-amazon.com/images/S/aplus-media/vc/94b627ff-60b3-4f09-af91-225e2a7b114d._CR0,0,970,300_PT0_SX970__.jpg",essential,mid-range,~$95,,,0,,beginner,cold-ready|rain-ready,sleeping-bag,not assigned to any plan; not used in any guide
sleeping-pad-air,Coleman Self-Inflating Sleeping Pad with Pillow,B00BF9IYO4,https://www.amazon.com/dp/B00BF9IYO4?tag=trailsteadgui-20,https://m.media-amazon.com/images/I/71+iLKHnqyL._AC_SL1500_.jpg,comfort,mid-range,~$70,,FIRST_NIGHT_MINIMAL_GEAR|WEEKEND_BALANCED_GEAR|EASY_FAMILY_BASECAMP_GEAR,0,,,comfort|cold-ready,sleeping-pad,not assigned to any plan; not used in any guide
air-mattress-queen,SoundAsleep Dream Series Air Mattress,B00FAW4O0A,https://www.amazon.com/dp/B00FAW4O0A?tag=trailsteadgui-20,https://m.media-amazon.com/images/I/616X+781lOL._AC_SX679_.jpg,comfort,mid-range,~$120,,,0,,family|with-kids,comfort,air-mattress,not assigned to any plan; not used in any guide
stove-2-burner,Camp Chef Everest 2X 2-Burner Stove,B09KNVRDNQ,https://www.amazon.com/dp/B09KNVRDNQ?tag=trailsteadgui-20,https://m.media-amazon.com/images/I/71J5ttHnYvL._AC_SX679_.jpg,essential,premium,~$210,,EASY_FAMILY_BASECAMP_GEAR,0,,family,comfort,stove,not assigned to any plan; not used in any guide
headlamp-family,Black Diamond Spot 400,B09NQK2581,https://www.amazon.com/dp/B09NQK2581?tag=trailsteadgui-20,https://m.media-amazon.com/images/I/81sGcNXb1eL._AC_SL1500_.jpg,essential,mid-range,~$50,,,0,,beginner,rain-ready,headlamp,not assigned to any plan; not used in any guide
camp-chairs,ALPS Mountaineering King Kong Chair,B09L3G88SC,https://www.amazon.com/dp/B09L3G88SC?tag=trailsteadgui-20,https://m.media-amazon.com/images/I/511WCslkJDL._AC_SL1000_.jpg,comfort,mid-range,~$70,,WEEKEND_BALANCED_GEAR|EASY_FAMILY_BASECAMP_GEAR,0,,,comfort,chair,not assigned to any plan; not used in any guide
cooler-basic,Coleman 54-Quart Steel-Belted Cooler,B0009PURKE,https://www.amazon.com/dp/B0009PURKE?tag=trailsteadgui-20,https://m.media-amazon.com/images/I/91uqAgVltVS._AC_SL1500_.jpg,essential,mid-range,~$120,,WEEKEND_BALANCED_GEAR|EASY_FAMILY_BASECAMP_GEAR,0,,family,heat-friendly,cooler,not assigned to any plan; not used in any guide
canopy-camp,CORE 10×10 Instant Pop-Up Canopy,B01E45EYJY,https://www.amazon.com/dp/B01E45EYJY?tag=trailsteadgui-20,https://m.media-amazon.com/images/I/610Y31VdNIL._AC_.jpg,convenience,,~$130,,,0,,family,shade|heat-friendly|rain-ready,canopy,not assigned to any plan; not used in any guide
fwc-tent-sundome,Coleman Sundome 4-Person,B0D7QHY574,https://www.amazon.com/dp/B0D7QHY574?tag=trailsteadgui-20,https://images-na.ssl-images-amazon.com/images/P/B0D7QHY574.01.L.jpg,essential,budget,~$116,,,0,,family|beginner|with-kids,rain-ready,tent,not assigned to any plan; not used in any guide
fwc-stove-coleman-1burner,Coleman 1-Burner Propane Stove,B0009PUR5E,https://www.amazon.com/dp/B0009PUR5E?tag=trailsteadgui-20,https://m.media-amazon.com/images/I/81aj95-ouRL._AC_SL1500_.jpg,essential,budget,~$40,,,0,,beginner,rain-ready|heat-friendly,stove,not assigned to any plan; not used in any guide
fwc-cooler-rolling,Coleman Classic Rolling Cooler,B08LMVJJ9Q,https://www.amazon.com/dp/B08LMVJJ9Q?tag=trailsteadgui-20,"https://m.media-amazon.com/images/S/aplus-media-library-service-media/6a95b9ce-ba2f-46da-a5f8-82593670f6eb.__CR0,0,1464,600_PT0_SX1464_V1___.png",essential,mid-range,~$107,,,0,,family,comfort|heat-friendly,cooler,not assigned to any plan; not used in any guide
fwc-cot-airbed-combo,Coleman Queen Airbed Cot Combo,B00AU6AVLW,https://www.amazon.com/dp/B00AU6AVLW?tag=trailsteadgui-20,https://m.media-amazon.com/images/I/91+ezTNiVbL._AC_SL1500_.jpg,comfort,,~$30,,,0,,family,comfort,cot|air-mattress,not assigned to any plan; not used in any guide
fwc-lantern-consciot,Consciot LED Camping Lantern (2-pack),B082HD5JDH,https://www.amazon.com/dp/B082HD5JDH?tag=trailsteadgui-20,https://m.media-amazon.com/images/I/71ATGzY0CUL._AC_SL1500_.jpg,essential,budget,~$30,,BACKYARD_TEST_GEAR|FIRST_NIGHT_MINIMAL_GEAR|WEEKEND_BALANCED_GEAR,0,,beginner,rain-ready,lantern,not assigned to any plan; not used in any guide
fwc-sleeping-bag-mallome,MalloMe Sleeping Bag,B077XQDZW4,https://www.amazon.com/dp/B077XQDZW4?tag=trailsteadgui-20,https://m.media-amazon.com/images/I/71dhzPLdNML._AC_SL1500_.jpg,essential,budget,~$26,,BACKYARD_TEST_GEAR|FIRST_NIGHT_MINIMAL_GEAR|WEEKEND_BALANCED_GEAR,0,,beginner,,sleeping-bag,not assigned to any plan; not used in any guide
fwc-chair-gci-rocker,GCI Outdoor Freestyle Rocker,B00D4JYR62,https://www.amazon.com/dp/B00D4JYR62?tag=trailsteadgui-20,https://m.media-amazon.com/images/I/71O4-VrNP3L._AC_SL1000_.jpg,comfort,mid-range,~$80,,,0,,family,comfort,chair,not assigned to any plan; not used in any guide
fwc-projector-tmy,TMY 1080P Mini Projector,B082F13J55,https://www.amazon.com/dp/B082F13J55?tag=trailsteadgui-20,"https://m.media-amazon.com/images/S/aplus-media-library-service-media/bb0c1152-f522-4772-98ea-c3cac62e88bf.__CR0,0,1464,600_PT0_SX1464_V1___.jpg",convenience,budget,~$50,,,0,,with-kids,comfort,projector,not assigned to any plan; not used in any guide
fwc-lantern-hanger,Coleman Lantern Hanger,B0009PUTJI,https://www.amazon.com/dp/B0009PUTJI?tag=trailsteadgui-20,https://m.media-amazon.com/images/I/81IPjzQWjlL.jpg,convenience,budget,~$20,,,0,,,,lantern-hanger,not assigned to any plan; not used in any guide
